phase,streams,family,role,installed_box,profile_windows,profiled_seconds,frames,rows,rows_per_frame,compute_ms_per_row,attention_ms_per_row,moe_ms_per_row,moe_fallbacks,moe_nonfinite,spec_sent,spec_hits,spec_misses,system_samples,mean_pkg_w,mean_mhz,mean_temp,mean_swapin_s,min_mem_available_mib
mixed_a_c001,1,mixed,0,8,12,122.59,2499,2499,1.0,37.84633853541416,10.433373349339735,14.191276510604242,0,0,2267,367,232,51,34.990196078431374,2180.1960784313724,69.98039215686275,9.176470588235293,18404
mixed_a_c001,1,mixed,1,1,8,80.207,1648,1648,1.0,35.93446601941748,10.347087378640778,21.527912621359224,0,0,0,0,0,51,17.768627450980393,1339.8235294117646,53.31372549019608,0.13725490196078433,8743
mixed_a_c001,1,mixed,2,2,8,80.233,1629,1629,1.0,38.446286065070595,10.634131368937998,23.5463474524248,0,0,0,0,0,51,18.498039215686273,1585.1176470588234,53.6078431372549,0.23529411764705882,7311
mixed_a_c001,1,mixed,3,3,9,90.299,1839,1839,1.0,40.23273518216422,11.33768352365416,24.69059271343121,0,0,0,0,0,51,19.31764705882353,1571.921568627451,54.76470588235294,0.1568627450980392,8206
mixed_a_c001,1,mixed,4,4,9,90.319,1811,1811,1.0,35.95085588072888,10.194919933738266,21.50745444505798,0,0,0,0,0,51,17.405882352941177,1373.5882352941176,53.21568627450981,0.11764705882352941,7627
mixed_a_c001,1,mixed,5,5,7,70.204,1418,1418,1.0,35.29901269393512,10.23836389280677,21.03314527503526,0,0,0,0,0,51,16.884313725490195,1380,53.15686274509804,0.35294117647058826,7609
mixed_a_c001,1,mixed,6,6,7,70.226,1439,1439,1.0,35.234885337039614,10.130646282140376,21.202223766504517,0,0,0,0,0,51,16.762745098039215,1449.1176470588234,53.80392156862745,0.3137254901960784,7710
mixed_a_c001,1,mixed,7,7,8,80.27,1642,1642,1.0,34.69975639464068,9.854445797807552,20.99086479902558,0,0,0,0,0,51,17.103921568627452,1371.0392156862745,53.745098039215684,0,7573
mixed_a_c001,1,mixed,8,0,5,50.169,1005,1005,1.0,38.26865671641791,10.735323383084577,23.223880597014926,0,0,0,0,0,51,18.935294117647057,1685.2941176470588,53.64705882352941,0,8661
mixed_a_c001,1,mixed,9,9,9,90.19,1843,1843,1.0,32.25773195876289,8.951166576234401,20.171459576776993,0,0,0,0,0,51,18.17450980392157,1649.8823529411766,62.76470588235294,0.2549019607843137,7444
mixed_a_c001,1,mixed,10,10,7,70.168,1433,1433,1.0,31.4284717376134,8.679692951849267,19.4026517794836,10,10,0,0,0,51,24.319607843137256,1617.3921568627452,62.627450980392155,0.5686274509803921,6340
mixed_a_c002,2,mixed,0,8,16,163.239,749,749,1.0,35.7196261682243,9.395193591455273,13.475300400534046,0,0,0,0,0,67,4.6805970149253735,1927.2089552238806,57.582089552238806,0.08955223880597014,18402
mixed_a_c002,2,mixed,1,1,23,234.471,1071,1071,1.0,36.31652661064426,10.436974789915967,21.563958916900095,0,0,0,0,0,67,4.523880597014926,1544.3731343283582,50.97014925373134,0.05970149253731343,8742
mixed_a_c002,2,mixed,2,2,11,112.176,514,514,1.0,38.77626459143969,11.108949416342412,23.780155642023345,0,0,0,0,0,67,7.255223880597015,1517.44776119403,52.80597014925373,0.029850746268656716,7334
mixed_a_c002,2,mixed,3,3,20,203.989,935,935,1.0,40.93048128342246,12.02994652406417,24.98181818181818,0,0,0,0,0,67,7.767164179104477,1552,53.776119402985074,1.1791044776119404,8289
mixed_a_c002,2,mixed,4,4,15,153.197,699,699,1.0,36.32331902718169,10.36766809728183,21.668097281831187,0,0,0,0,0,67,4.335820895522388,1391.2537313432836,49.25373134328358,0,7624
mixed_a_c002,2,mixed,5,5,15,152.246,697,697,1.0,35.505021520803446,10.32568149210904,21.078909612625537,0,0,0,0,0,67,4.1850746268656716,1488.8955223880596,50.16417910447761,0,7605
mixed_a_c002,2,mixed,6,6,22,223.821,1023,1023,1.0,35.70576735092864,10.463343108504398,21.425219941348974,0,0,0,0,0,67,4.147761194029851,1619.1940298507463,50.208955223880594,0,7710
mixed_a_c002,2,mixed,7,7,24,244.879,1121,1121,1.0,34.86440677966102,10.00178412132025,21.04192685102587,0,0,0,0,0,67,4.295522388059702,1573.6567164179105,50.67164179104478,0,7569
mixed_a_c002,2,mixed,8,0,14,142.875,650,650,1.0,38.51846153846154,11.195384615384615,23.444615384615386,0,0,0,0,0,67,7.937313432835821,1575.8358208955224,52.76119402985075,0.029850746268656716,8688
mixed_a_c002,2,mixed,9,9,21,213.649,972,972,1.0,33.93724279835391,9.233539094650206,20.94341563786008,0,0,0,0,0,67,4.291044776119403,1974.910447761194,61.83582089552239,0.14925373134328357,7444
mixed_a_c002,2,mixed,10,10,19,193.655,884,884,1.0,32.15950226244344,8.830316742081449,19.79524886877828,6,6,0,0,0,67,5.7880597014925375,1704.5074626865671,61.83582089552239,0.2835820895522388,6343
mixed_a_c004,4,mixed,0,8,4,40.218,375,375,1.0,35.536,9.48,13.477333333333334,0,0,0,0,0,33,8.124242424242425,1985.7575757575758,60.696969696969695,0.06060606060606061,18398
mixed_a_c004,4,mixed,1,1,9,90.684,835,835,1.0,36.532934131736525,10.661077844311377,21.473053892215567,0,0,0,0,0,33,7.912121212121212,1558.7878787878788,47.81818181818182,0,8738
mixed_a_c004,4,mixed,2,2,7,70.602,658,658,1.0,38.536474164133736,11.183890577507599,23.480243161094226,0,0,0,0,0,33,10.63030303030303,1410.5757575757575,51.03030303030303,0,7354
mixed_a_c004,4,mixed,3,3,9,90.875,838,838,1.0,41.16706443914081,12.162291169451073,24.943914081145586,0,0,0,0,0,33,11.527272727272727,1613.3333333333333,51.81818181818182,1.5454545454545454,8368
mixed_a_c004,4,mixed,4,4,6,60.486,560,560,1.0,35.875,10.375,21.446428571428573,0,0,0,0,0,33,7.86060606060606,1477.6060606060605,47.39393939393939,0,7620
mixed_a_c004,4,mixed,5,5,9,90.597,838,838,1.0,35.83890214797136,10.522673031026253,21.118138424821,0,0,0,0,0,33,7.757575757575758,1450.6969696969697,48.878787878787875,0,7607
mixed_a_c004,4,mixed,6,6,7,70.392,653,653,1.0,35.781010719754974,10.422664624808576,21.396630934150078,0,0,0,0,0,33,7.718181818181818,1470.8484848484848,48.303030303030305,0,7707
mixed_a_c004,4,mixed,7,7,8,80.352,739,739,1.0,35.23680649526387,10.246278755074425,21.14343707713126,0,0,0,0,0,33,7.884848484848485,1509.878787878788,47.878787878787875,0,7572
mixed_a_c004,4,mixed,8,0,10,101.154,931,931,1.0,38.58216970998926,11.313641245972073,23.284640171858218,0,0,0,0,0,33,11.757575757575758,1496.909090909091,51.39393939393939,0.030303030303030304,8666
mixed_a_c004,4,mixed,9,9,7,70.335,649,649,1.0,33.64869029275809,9.229583975346687,20.882896764252695,0,0,0,0,0,33,8.287878787878787,1798.2121212121212,62.72727272727273,0,7445
mixed_a_c004,4,mixed,10,10,8,80.366,739,739,1.0,32.41407307171854,8.78619756427605,19.794316644113668,3,3,0,0,0,33,11.360606060606061,1890.4848484848485,62.45454545454545,0.06060606060606061,6341
mixed_a_c006,6,mixed,0,8,7,70.328,978,978,1.0,35.15439672801636,9.387525562372188,13.3200408997955,0,0,0,0,0,22,12.131818181818183,1973.090909090909,62.18181818181818,0,18396
mixed_a_c006,6,mixed,1,1,2,20.144,281,281,1.0,36.380782918149464,10.469750889679716,21.348754448398576,0,0,0,0,0,22,11.827272727272728,1626.909090909091,50.54545454545455,0,8742
mixed_a_c006,6,mixed,2,2,7,70.41,979,979,1.0,38.6414708886619,11.070480081716036,23.35546475995914,0,0,0,0,0,22,13.831818181818182,1581.590909090909,51.81818181818182,0,7359
mixed_a_c006,6,mixed,3,3,5,50.361,701,701,1.0,40.639087018544934,11.830242510699001,24.680456490727533,0,0,0,0,0,22,14.922727272727272,1597.3181818181818,53.5,1.7727272727272727,8378
mixed_a_c006,6,mixed,4,4,6,60.404,840,840,1.0,35.96190476190476,10.208333333333334,21.385714285714286,0,0,0,0,0,22,11.736363636363636,1465.6818181818182,49.09090909090909,0,7622
mixed_a_c006,6,mixed,5,5,4,40.225,559,559,1.0,34.688729874776385,10.1824686940966,20.844364937388193,0,0,0,0,0,22,11.672727272727272,1697.2272727272727,50.09090909090909,0,7606
mixed_a_c006,6,mixed,6,6,5,50.142,695,695,1.0,35.663309352517985,10.18273381294964,21.123741007194244,0,0,0,0,0,22,11.504545454545454,1573,50.40909090909091,0.3181818181818182,7705
mixed_a_c006,6,mixed,7,7,6,60.344,839,839,1.0,34.48986889153755,9.817640047675804,20.831942789034564,0,0,0,0,0,22,11.663636363636364,1520,50.22727272727273,0,7574
mixed_a_c006,6,mixed,8,0,2,20.066,281,281,1.0,38.3914590747331,10.99644128113879,23.11387900355872,0,0,0,0,0,22,14.854545454545455,1603.909090909091,51.81818181818182,0.09090909090909091,8653
mixed_a_c006,6,mixed,9,9,3,30.061,419,419,1.0,32.88305489260143,9.116945107398568,20.43436754176611,0,0,0,0,0,22,12.445454545454545,1840.2727272727273,64,0,7444
mixed_a_c006,6,mixed,10,10,6,60.215,840,840,1.0,31.957142857142856,8.730952380952381,19.55,7,7,0,0,0,22,16.40909090909091,1804.0454545454545,63.04545454545455,0.045454545454545456,6349
mixed_a_c008,8,mixed,0,8,7,70.271,1309,1309,1.0,34.701298701298704,9.297173414820474,13.294117647058824,0,0,0,0,0,22,16.922727272727272,1718.909090909091,64.22727272727273,0,18395
mixed_a_c008,8,mixed,1,1,4,40.146,744,744,1.0,36.204301075268816,10.61021505376344,21.456989247311828,0,0,0,0,0,22,16.245454545454546,1362.909090909091,53.04545454545455,0,8740
mixed_a_c008,8,mixed,2,2,6,60.131,1122,1122,1.0,37.92602495543672,10.571301247771837,23.3048128342246,0,0,0,0,0,22,17.445454545454545,1679.8181818181818,54.45454545454545,0,7377
mixed_a_c008,8,mixed,3,3,5,50.14,934,934,1.0,39.91648822269807,11.184154175588866,24.558886509635975,0,0,0,0,0,22,18.21818181818182,1501.0454545454545,56.13636363636363,15.636363636363637,8373
mixed_a_c008,8,mixed,4,4,6,60.185,1120,1120,1.0,35.76607142857143,10.26875,21.466964285714287,0,0,0,0,0,22,15.404545454545454,1241.5454545454545,51.63636363636363,0,7624
mixed_a_c008,8,mixed,5,5,3,30.092,560,560,1.0,35.56071428571428,10.264285714285714,21.03035714285714,0,0,0,0,0,22,14.995454545454546,1514.4545454545455,51.77272727272727,0,7607
mixed_a_c008,8,mixed,6,6,5,50.188,931,931,1.0,35.443609022556394,10.17937701396348,21.192266380236305,0,0,0,0,0,22,15.040909090909091,1532.7727272727273,52.5,0,7707
mixed_a_c008,8,mixed,7,7,3,30.253,559,559,1.0,34.89266547406082,9.906976744186046,20.958855098389982,0,0,0,0,0,22,15.122727272727273,1320.8636363636363,52.40909090909091,0.13636363636363635,7574
mixed_a_c008,8,mixed,8,0,4,40.098,750,750,1.0,37.748,10.613333333333333,23.132,0,0,0,0,0,22,18.14090909090909,1577.7272727272727,54.09090909090909,14.909090909090908,8644
mixed_a_c008,8,mixed,9,9,2,20.064,374,374,1.0,32.331550802139034,8.922459893048128,20.197860962566846,0,0,0,0,0,22,17.222727272727273,1530.909090909091,63.5,0.09090909090909091,7441
mixed_a_c008,8,mixed,10,10,2,20.037,373,373,1.0,31.780160857908847,8.60857908847185,19.56300268096515,0,0,0,0,0,22,22.76818181818182,1563.2727272727273,63.22727272727273,0,6344
mixed_a_c011,11,mixed,0,8,6,60.154,1414,1414,1.0,34.104667609618105,9.135785007072135,13.148514851485148,0,0,0,0,0,22,21.7,1594.6363636363637,63.86363636363637,0,18384
mixed_a_c011,11,mixed,1,1,5,50.116,1190,1190,1.0,34.53781512605042,9.49327731092437,21.209243697478993,0,0,0,0,0,22,21.37727272727273,1424.7727272727273,55.04545454545455,0,8737
mixed_a_c011,11,mixed,2,2,6,60.107,1411,1411,1.0,37.478384124734234,10.138199858256556,23.22537207654146,0,0,0,0,0,22,21.213636363636365,1602.6818181818182,57,0.045454545454545456,7370
mixed_a_c011,11,mixed,3,3,5,50.101,1183,1183,1.0,39.175824175824175,10.806424344885883,24.27810650887574,0,0,0,0,0,22,22.09090909090909,1569.6818181818182,58,2.272727272727273,8371
mixed_a_c011,11,mixed,4,4,6,60.12,1420,1420,1.0,34.99929577464789,9.623239436619718,21.38661971830986,0,0,0,0,0,22,20.472727272727273,1459.409090909091,54.95454545454545,0,7623
mixed_a_c011,11,mixed,5,5,5,50.133,1182,1182,1.0,34.766497461928935,9.743654822335026,21.0253807106599,0,0,0,0,0,22,20.0,1397.1363636363637,54.86363636363637,0,7605
mixed_a_c011,11,mixed,6,6,8,80.206,1888,1888,1.0,34.773305084745765,9.708156779661017,21.15625,0,0,0,0,0,22,20.095454545454544,1461.9545454545455,55.81818181818182,0,7701
mixed_a_c011,11,mixed,7,7,7,70.175,1650,1650,1.0,34.4,9.412121212121212,20.913939393939394,0,0,0,0,0,22,20.345454545454544,1382.7272727272727,55.72727272727273,0,7571
mixed_a_c011,11,mixed,8,0,4,40.107,946,946,1.0,37.24735729386892,10.271670190274842,22.98520084566596,0,0,0,0,0,22,21.69090909090909,1813.1363636363637,56.45454545454545,3.6363636363636362,8612
mixed_a_c011,11,mixed,9,9,6,60.132,1407,1407,1.0,32.22459132906894,8.861407249466952,20.13859275053305,0,0,0,0,0,22,22.09090909090909,1737.3636363636363,62.95454545454545,0,7440
mixed_a_c011,11,mixed,10,10,6,60.168,1408,1408,1.0,31.142755681818183,8.553267045454545,19.290482954545453,8,8,0,0,0,22,28.386363636363637,1546.3181818181818,63.68181818181818,0,6328
mixed_a_c015,15,mixed,0,8,6,60.171,1091,1486,1.3620531622364802,27.88156123822342,6.909152086137281,11.642664872139973,0,0,0,0,0,15,18.326666666666668,1742.9333333333334,62.53333333333333,0,18386
mixed_a_c015,15,mixed,1,1,5,50.176,902,1228,1.3614190687361418,30.644951140065146,7.263843648208469,18.60342019543974,0,0,0,0,0,15,18.82,1399.1333333333334,56.4,0,8737
mixed_a_c015,15,mixed,2,2,4,40.173,730,995,1.3630136986301369,32.1929648241206,7.770854271356784,20.299497487437186,0,0,0,0,0,15,19.46,1751.3333333333333,57.46666666666667,0,7369
mixed_a_c015,15,mixed,3,3,6,60.187,1091,1487,1.3629697525206232,33.855413584398114,8.305312710154674,21.439139206455952,0,0,0,0,0,15,20.573333333333334,1704.0666666666666,59.53333333333333,1.5333333333333334,8366
mixed_a_c015,15,mixed,4,4,5,50.272,909,1238,1.361936193619362,30.195476575121162,7.215670436187399,18.509693053311793,0,0,0,0,0,15,18.37333333333333,1247.7333333333333,56,0,7622
mixed_a_c015,15,mixed,5,5,4,40.088,726,990,1.3636363636363635,29.51010101010101,7.179797979797979,18.026262626262625,0,0,0,0,0,15,17.46666666666667,1370.9333333333334,55.53333333333333,0,7606
mixed_a_c015,15,mixed,6,6,4,40.14,728,995,1.3667582417582418,29.626130653266333,7.152763819095477,18.246231155778894,0,0,0,0,0,15,17.566666666666666,1468.3333333333333,56.13333333333333,0,7704
mixed_a_c015,15,mixed,7,7,3,30.111,540,739,1.3685185185185185,29.675236806495263,6.9851150202977,18.110960757780784,0,0,0,0,0,15,17.766666666666666,1398.8666666666666,56.266666666666666,0,7569
mixed_a_c015,15,mixed,8,0,4,40.181,732,997,1.3620218579234973,31.970912738214643,7.819458375125376,20.076228686058176,0,0,0,0,0,15,20.066666666666666,1635.6666666666667,56.93333333333333,9.8,8608
mixed_a_c015,15,mixed,9,9,4,40.127,728,994,1.3653846153846154,27.154929577464788,6.564386317907445,17.520120724346075,0,0,0,0,0,15,19.066666666666666,1767.1333333333334,62.53333333333333,0,7440
mixed_a_c015,15,mixed,10,10,3,30.092,541,739,1.365988909426987,26.47767253044655,6.523680649526387,16.39512855209743,3,3,0,0,0,15,24.153333333333332,1983,63.733333333333334,0.4666666666666667,6339
mixed_a_c022,22,mixed,0,8,3,30.13,515,1030,2.0,22.401941747572817,4.921359223300971,10.284466019417476,0,0,0,0,0,15,19.906666666666666,1965.6,62.6,0,18315
mixed_a_c022,22,mixed,1,1,3,30.135,519,1038,2.0,25.91907514450867,5.127167630057803,16.34874759152216,0,0,0,0,0,15,21.22,1630.9333333333334,52.13333333333333,0,8731
mixed_a_c022,22,mixed,2,2,3,30.111,516,1032,2.0,27.89437984496124,5.494186046511628,17.912790697674417,0,0,0,0,0,15,22.02,1808.2,54.333333333333336,14.2,7664
mixed_a_c022,22,mixed,3,3,5,50.177,865,1730,2.0,28.808092485549132,5.820809248554913,18.598843930635837,0,0,0,0,0,15,22.82,1724.0666666666666,56,0.9333333333333333,8359
mixed_a_c022,22,mixed,4,4,3,30.117,516,1032,2.0,26.23062015503876,5.109496124031008,16.462209302325583,0,0,0,0,0,15,21.4,1559.2666666666667,52.666666666666664,0,7621
mixed_a_c022,22,mixed,5,5,5,50.194,865,1730,2.0,25.47630057803468,5.22543352601156,16.02485549132948,0,0,0,0,0,15,20.593333333333334,1770.7333333333333,52.2,0,7603
mixed_a_c022,22,mixed,6,6,4,40.15,694,1388,2.0,25.454610951008647,5.27521613832853,16.170749279538907,0,0,0,0,0,15,20.433333333333334,1839.2666666666667,52.53333333333333,0,7701
mixed_a_c022,22,mixed,7,7,4,40.176,689,1378,2.0,25.761248185776488,5.147314949201742,16.100145137880986,0,0,0,0,0,15,21.186666666666667,1716.1333333333334,52.93333333333333,0.4,7569
mixed_a_c022,22,mixed,8,0,5,50.189,865,1730,2.0,27.251445086705203,5.490751445086705,17.569364161849713,0,0,0,0,0,15,22.38,1813.8,54,7.8,8587
mixed_a_c022,22,mixed,9,9,3,30.154,519,1038,2.0,22.850674373795762,4.788053949903661,15.351637764932562,0,0,0,0,0,15,22.80666666666667,2094.2,62.93333333333333,0.4,7438
mixed_a_c022,22,mixed,10,10,4,40.183,689,1378,2.0,21.439042089985485,4.612481857764877,13.553701015965167,4,4,0,0,0,15,27.14,2035.4666666666667,62.2,0,6371
mixed_a_c032,32,mixed,0,8,4,40.214,533,1550,2.9080675422138835,19.440645161290323,3.932903225806452,9.92258064516129,0,0,0,0,0,19,19.86315789473684,2060.315789473684,63.1578947368421,0,18101
mixed_a_c032,32,mixed,1,1,3,30.194,397,1155,2.9093198992443323,23.563636363636363,4.174891774891775,15.672727272727272,0,0,0,0,0,19,22.742105263157896,1666.578947368421,56,0.10526315789473684,8569
mixed_a_c032,32,mixed,2,2,6,60.193,793,2306,2.9079445145018914,24.77623590633131,4.446227233304423,16.83781439722463,0,0,0,0,0,19,22.273684210526316,1891.7894736842106,57.94736842105263,0.3157894736842105,7487
mixed_a_c032,32,mixed,3,3,5,50.163,663,1929,2.909502262443439,25.73405909797823,4.688439606013478,17.663556246759978,0,0,0,0,0,19,22.647368421052633,1798.3684210526317,57.73684210526316,0.631578947368421,8185
mixed_a_c032,32,mixed,4,4,8,80.311,1062,3088,2.9077212806026367,23.616256476683937,4.231217616580311,15.55699481865285,0,0,0,0,0,19,21.92105263157895,1618.842105263158,57,0,7476
mixed_a_c032,32,mixed,5,5,5,50.164,663,1927,2.9064856711915534,22.856772184743125,4.270368448365335,15.093928386092372,0,0,0,0,0,19,21.121052631578948,1785.421052631579,55.89473684210526,0.05263157894736842,7456
mixed_a_c032,32,mixed,6,6,4,40.079,529,1539,2.9092627599243857,23.133203378817413,4.261208576998051,15.299545159194283,0,0,0,0,0,19,21.11578947368421,1868.6315789473683,56.1578947368421,0,7551
mixed_a_c032,32,mixed,7,7,2,20.09,264,768,2.909090909090909,22.963541666666668,4.16015625,15.166666666666666,0,0,0,0,0,19,21.731578947368423,1620.842105263158,56.63157894736842,0,7432
mixed_a_c032,32,mixed,8,0,6,60.228,800,2326,2.9075,24.68873602751505,4.466895958727429,16.631126397248494,0,0,0,0,0,19,23.057894736842105,1760.3684210526317,57.1578947368421,0.05263157894736842,8420
mixed_a_c032,32,mixed,9,9,3,30.11,396,1152,2.909090909090909,20.89236111111111,3.8324652777777777,14.461805555555555,0,0,0,0,0,19,22.936842105263157,2132.0526315789475,63.36842105263158,0,7285
mixed_a_c032,32,mixed,10,10,2,20.023,263,765,2.908745247148289,18.45359477124183,3.7254901960784315,12.090196078431372,2,2,0,0,0,19,25.78421052631579,2102.315789473684,62.26315789473684,0,5913
mixed_a_c048,48,mixed,0,8,8,80.28,847,3701,4.369539551357733,15.5363415293164,2.609024587949203,8.87543907052148,0,0,0,0,0,23,18.92608695652174,1926.6521739130435,63.43478260869565,0,17700
mixed_a_c048,48,mixed,1,1,9,90.321,952,4156,4.3655462184873945,19.363330125120306,2.764196342637151,13.841434071222329,0,0,0,0,0,23,22.495652173913044,1760.6521739130435,58,0,8183
mixed_a_c048,48,mixed,2,2,4,40.103,418,1826,4.368421052631579,20.360350492880613,2.936473165388828,14.881161007667032,0,0,0,0,0,23,21.795652173913044,1913.0434782608695,60,0.13043478260869565,7153
mixed_a_c048,48,mixed,3,3,7,70.407,743,3240,4.360699865410498,20.885802469135804,3.0925925925925926,15.324691358024692,0,0,0,0,0,23,22.13478260869565,1853.0869565217392,59.82608695652174,14.130434782608695,7823
mixed_a_c048,48,mixed,4,4,4,40.192,421,1842,4.375296912114014,19.547774158523342,2.7833876221498373,13.770358306188925,0,0,0,0,0,23,22.269565217391303,1742.3478260869565,57.608695652173914,0.043478260869565216,7148
mixed_a_c048,48,mixed,5,5,9,90.399,951,4148,4.361724500525763,19.109450337512055,2.8040019286403086,13.39175506268081,0,0,0,0,0,23,21.117391304347827,1681.608695652174,57,0,7101
mixed_a_c048,48,mixed,6,6,6,60.249,637,2779,4.362637362637362,19.14681540122346,2.779057214825477,13.445124145376035,0,0,0,0,0,23,21.104347826086958,1756.1739130434783,57.391304347826086,0,7211
mixed_a_c048,48,mixed,7,7,8,80.453,849,3709,4.36866902237927,18.967376651388513,2.7147479104880023,13.39228902669183,0,0,0,0,0,23,21.5,1794.7391304347825,58.21739130434783,0,7057
mixed_a_c048,48,mixed,8,0,8,80.172,845,3687,4.363313609467456,20.273664225657715,2.9053430973691348,14.632492541361541,0,0,0,0,0,23,23.169565217391305,1789.391304347826,58.82608695652174,0,8012
mixed_a_c048,48,mixed,9,9,8,80.222,846,3689,4.360520094562648,17.27378693412849,2.538357278395229,12.697207915424235,0,0,0,0,0,23,22.704347826086956,1886.9130434782608,63.391304347826086,0,6922
mixed_a_c048,48,mixed,10,10,8,80.415,849,3704,4.362779740871614,15.024838012958963,2.488390928725702,10.070464362850972,17,17,0,0,0,23,24.082608695652173,2139.1304347826085,63.52173913043478,37.130434782608695,6037
mixed_a_c064,64,mixed,0,8,9,90.554,834,4854,5.820143884892087,13.38504326328801,1.9536464771322621,8.180469715698393,0,0,0,0,0,25,19.156,1910.08,64.04,0,17304
mixed_a_c064,64,mixed,1,1,7,70.257,651,3788,5.818740399385561,16.964097148891234,2.1367476240760297,12.71700105596621,0,0,0,0,0,25,22.736,1691.76,59.04,0,7763
mixed_a_c064,64,mixed,2,2,7,70.214,642,3734,5.816199376947041,17.60712372790573,2.2495982860203534,13.379217996786288,0,0,0,0,0,25,22.296,1833.72,59.96,0.84,6764
mixed_a_c064,64,mixed,3,3,10,100.558,927,5393,5.817691477885653,18.11848692749861,2.3886519562395696,13.768403486000372,0,0,0,0,0,25,22.728,1879,59.96,0,7406
mixed_a_c064,64,mixed,4,4,8,80.485,741,4310,5.816464237516869,16.85104408352668,2.145707656612529,12.367053364269141,0,0,0,0,0,25,22.908,1693.28,58.2,0.12,6781
mixed_a_c064,64,mixed,5,5,6,60.325,541,3146,5.815157116451017,16.822631913541006,2.138270820089002,12.154799745708837,0,0,0,0,0,25,22.304,1732.48,57.4,0.04,6769
mixed_a_c064,64,mixed,6,6,7,70.448,637,3706,5.817896389324961,16.776578521316782,2.1559633027522938,12.297355639503508,0,0,0,0,0,25,22.06,1722.44,57.76,0,6826
mixed_a_c064,64,mixed,7,7,7,70.449,638,3712,5.818181818181818,16.75134698275862,2.1163793103448274,12.327855603448276,0,0,0,0,0,25,22.444,1786.92,58.96,0,6705
mixed_a_c064,64,mixed,8,0,6,60.31,545,3174,5.823853211009174,17.36767485822306,2.2199117832388153,12.921865154379333,0,0,0,0,0,25,23.196,1835.48,59,0,7557
mixed_a_c064,64,mixed,9,9,6,60.341,561,3264,5.818181818181818,15.089460784313726,1.8936887254901962,11.549938725490197,0,0,0,0,0,25,23.344,2000.92,63.36,0,6560
mixed_a_c064,64,mixed,10,10,7,70.453,648,3767,5.813271604938271,13.296522431643217,1.9325723387310858,8.69949561985665,23,23,0,0,0,25,25.32,2343.28,65.48,1041.72,6163
mixed_a_c096,96,mixed,0,8,12,121.648,658,5742,8.72644376899696,13.769592476489029,1.4472309299895507,9.850923023336817,0,0,0,0,0,39,17.587179487179487,1750.3076923076924,62.256410256410255,0,16796
mixed_a_c096,96,mixed,1,1,9,90.79,477,4163,8.727463312368974,18.72111458083113,1.660341100168148,15.298582752822483,0,0,0,0,0,39,21.70769230769231,1637.025641025641,59.38461538461539,9.846153846153847,6952
mixed_a_c096,96,mixed,2,2,14,141.109,760,6633,8.727631578947369,19.989446705864616,1.7473239861299563,16.578320518619027,0,0,0,0,0,39,21.774358974358975,1749.3589743589744,59.97435897435897,14.179487179487179,6095
mixed_a_c096,96,mixed,3,3,11,112.072,596,5202,8.728187919463087,21.39504036908881,2.0945790080738176,17.538831218762013,0,0,0,0,0,39,22.353846153846153,1652.5897435897436,60.97435897435897,196.28205128205127,6939
mixed_a_c096,96,mixed,4,4,8,80.833,439,3831,8.726651480637813,18.376664056382147,1.7131297311406943,14.895588619159488,0,0,0,0,0,39,22.402564102564103,1517.051282051282,58.333333333333336,0.02564102564102564,5991
mixed_a_c096,96,mixed,5,5,11,111.364,597,5213,8.731993299832496,18.280836370611933,1.649721849223096,14.668137348935353,0,0,0,0,0,39,22.753846153846155,1560.2051282051282,58.23076923076923,0.02564102564102564,5991
mixed_a_c096,96,mixed,6,6,13,131.316,706,6162,8.728045325779037,18.260142810775722,1.6614735475494968,14.87065887698799,0,0,0,0,0,39,21.49230769230769,1723.3846153846155,57.8974358974359,0,6149
mixed_a_c096,96,mixed,7,7,11,110.977,585,5106,8.728205128205127,18.110849980415196,1.654524089306698,14.68605562083823,0,0,0,0,0,39,21.83076923076923,1685.5897435897436,59.05128205128205,0,5971
mixed_a_c096,96,mixed,8,0,12,121.204,654,5707,8.726299694189603,18.92412826353601,1.7333099702120203,15.531102155247941,0,0,0,0,0,39,23.17948717948718,1809.8461538461538,59.53846153846154,1.2307692307692308,6703
mixed_a_c096,96,mixed,9,9,9,90.839,490,4276,8.726530612244899,16.144761459307766,1.4055191768007484,13.438260056127222,0,0,0,0,0,39,22.984615384615385,1856.1538461538462,62.666666666666664,0,5789
mixed_a_c096,96,mixed,10,10,14,142.029,766,6684,8.725848563968668,14.002992220227409,1.4498803111909035,10.098444045481747,33,33,0,0,0,39,22.38974358974359,1845.6666666666667,64.28205128205128,455.8974358974359,5256
mixed_a_c128,128,mixed,0,8,15,151.945,661,7693,11.638426626323751,12.794098531132198,1.0948914597686208,9.699857012868842,0,0,0,0,0,42,18.835714285714285,1636.857142857143,62.42857142857143,0.11904761904761904,15943
mixed_a_c128,128,mixed,1,1,17,171.928,743,8648,11.639300134589503,17.840194264569842,1.30654486586494,15.09886679000925,0,0,0,0,0,42,22.583333333333332,1661.8095238095239,57.476190476190474,0.023809523809523808,6156
mixed_a_c128,128,mixed,2,2,8,80.675,350,4072,11.634285714285713,18.9950884086444,1.3551080550098231,16.214145383104125,0,0,0,0,0,42,21.747619047619047,1773.4761904761904,57.833333333333336,6.928571428571429,5389
mixed_a_c128,128,mixed,3,3,13,131.461,570,6630,11.631578947368421,19.757013574660633,1.4194570135746607,16.890648567119154,0,0,0,0,0,42,22.004761904761903,1678.1190476190477,58.523809523809526,15.380952380952381,6461
mixed_a_c128,128,mixed,4,4,8,80.58,350,4073,11.637142857142857,17.302479744659955,1.3638595629756936,14.483672968328014,0,0,0,0,0,42,22.12142857142857,1601.404761904762,58.666666666666664,0.6428571428571429,5289
mixed_a_c128,128,mixed,5,5,17,172.488,747,8690,11.633199464524766,16.984119677790563,1.3037974683544304,14.079861910241657,0,0,0,0,0,42,22.90714285714286,1431.6666666666667,58.23809523809524,0.11904761904761904,5299
mixed_a_c128,128,mixed,6,6,15,152.469,661,7690,11.633888048411498,17.11339401820546,1.315994798439532,14.326527958387516,0,0,0,0,0,42,21.340476190476192,1449,57.785714285714285,0.23809523809523808,5451
mixed_a_c128,128,mixed,7,7,16,162.592,706,8215,11.635977337110482,16.92136335970785,1.309312233718807,14.127084601339014,0,0,0,0,0,42,21.457142857142856,1684.7619047619048,58.023809523809526,0.047619047619047616,5236
mixed_a_c128,128,mixed,8,0,14,142.442,615,7156,11.635772357723578,17.795276690888766,1.3633314700950252,15.004751257685857,0,0,0,0,0,42,22.67142857142857,1754.4285714285713,58.11904761904762,1.2142857142857142,5831
mixed_a_c128,128,mixed,9,9,14,141.409,614,7143,11.633550488599349,15.073778524429512,1.0718185636287274,12.806243875122497,0,0,0,0,0,42,23.80238095238095,1946.8809523809523,62.666666666666664,1.119047619047619,5061
mixed_a_c128,128,mixed,10,10,15,152.034,661,7689,11.632375189107414,12.999739888151906,1.1373390557939915,9.51879308102484,46,46,0,0,0,42,22.692857142857143,2065.095238095238,63.095238095238095,214.28571428571428,4373
mixed_a_c176,176,mixed,0,8,10,101.567,370,5920,16.0,11.131925675675676,0.8047297297297298,8.69375,0,0,0,0,0,41,18.160975609756097,1994.7560975609756,61.51219512195122,0,14874
mixed_a_c176,176,mixed,1,1,9,91.381,332,5312,16.0,15.60410391566265,0.958960843373494,13.488893072289157,0,0,0,0,0,41,22.151219512195123,1543.878048780488,59.4390243902439,0.0975609756097561,4982
mixed_a_c176,176,mixed,2,2,18,183.099,664,10624,16.0,16.622835090361445,0.9994352409638554,14.448889307228916,0,0,0,0,0,41,21.514634146341464,1572.9024390243903,60,0.21951219512195122,4239
mixed_a_c176,176,mixed,3,3,10,101.287,363,5808,16.0,17.381026170798897,1.03116391184573,15.130853994490359,0,0,0,0,0,41,21.91951219512195,1616.2439024390244,60,2.268292682926829,5220
mixed_a_c176,176,mixed,4,4,15,151.718,551,8816,16.0,15.03187386569873,1.0044237749546279,12.85798548094374,0,0,0,0,0,41,21.746341463414634,1437.8536585365853,58.048780487804876,0,4247
mixed_a_c176,176,mixed,5,5,11,111.5,406,6496,16.0,14.660098522167488,0.9759852216748769,12.392395320197044,0,0,0,0,0,41,22.48780487804878,1410.1951219512196,57.853658536585364,0,4254
mixed_a_c176,176,mixed,6,6,9,91.307,333,5328,16.0,14.690315315315315,0.9739114114114115,12.524962462462462,0,0,0,0,0,41,21.44390243902439,1496.658536585366,58.58536585365854,0,4400
mixed_a_c176,176,mixed,7,7,10,101.683,368,5888,16.0,14.743376358695652,0.9718070652173914,12.559103260869565,0,0,0,0,0,41,21.307317073170733,1637.560975609756,60.048780487804876,0,4196
mixed_a_c176,176,mixed,8,0,12,121.395,442,7072,16.0,15.101244343891402,1.0287047511312217,12.88305995475113,0,0,0,0,0,41,22.902439024390244,1730.780487804878,59.4390243902439,0.024390243902439025,4544
mixed_a_c176,176,mixed,9,9,10,101.273,368,5888,16.0,12.934952445652174,0.7997622282608695,11.138586956521738,0,0,0,0,0,41,23.334146341463416,1912.439024390244,62.41463414634146,0.07317073170731707,4079
mixed_a_c176,176,mixed,10,10,9,91.438,331,5296,16.0,11.107061933534743,0.8334592145015106,8.141993957703928,21,21,0,0,0,41,21.60487804878049,1964.7560975609756,63.853658536585364,1027.5365853658536,3264
mixed_b_c176,176,mixed,0,8,12,121.594,434,6944,16.0,11.139112903225806,0.8127880184331797,8.75950460829493,0,0,0,0,0,42,18.207142857142856,1949.2142857142858,62.26190476190476,0,14540
mixed_b_c176,176,mixed,1,1,14,141.879,506,8096,16.0,15.724431818181818,0.9681324110671937,13.568675889328063,0,0,0,0,0,42,22.31904761904762,1490.095238095238,58.523809523809526,0,4742
mixed_b_c176,176,mixed,2,2,11,111.646,403,6448,16.0,16.63120347394541,0.9920905707196029,14.475341191066997,0,0,0,0,0,42,21.714285714285715,1632.7857142857142,58.857142857142854,0.047619047619047616,3981
mixed_b_c176,176,mixed,3,3,16,162.401,583,9328,16.0,17.35216552315609,1.0411663807890223,15.072148370497427,0,0,0,0,0,42,21.802380952380954,1622.2380952380952,60.45238095238095,1.2619047619047619,4969
mixed_b_c176,176,mixed,4,4,12,121.614,440,7040,16.0,15.017897727272727,1.0095170454545455,12.838352272727272,0,0,0,0,0,42,21.83809523809524,1450.6904761904761,58.95238095238095,0,4197
mixed_b_c176,176,mixed,5,5,10,101.669,363,5808,16.0,14.888601928374655,0.9767561983471075,12.6232782369146,0,0,0,0,0,42,22.797619047619047,1429.7619047619048,58.095238095238095,0.023809523809523808,4040
mixed_b_c176,176,mixed,6,6,12,122.003,434,6944,16.0,14.970190092165899,0.9742223502304147,12.78125,0,0,0,0,0,42,21.51904761904762,1470.2619047619048,57.857142857142854,0,4179
mixed_b_c176,176,mixed,7,7,15,151.849,546,8736,16.0,14.772893772893774,0.9629120879120879,12.577495421245422,0,0,0,0,0,42,22.114285714285714,1414.904761904762,58.166666666666664,0.047619047619047616,3979
mixed_b_c176,176,mixed,8,0,14,141.546,504,8064,16.0,16.036830357142858,1.0536954365079365,13.618675595238095,0,0,0,0,0,42,22.576190476190476,1696.9285714285713,59.5,77.4047619047619,4479
mixed_b_c176,176,mixed,9,9,12,121.166,431,6896,16.0,13.134715777262182,0.7971287703016241,11.347737819025522,0,0,0,0,0,42,23.169047619047618,1735.9285714285713,61.95238095238095,0,3843
mixed_b_c176,176,mixed,10,10,15,151.936,544,8704,16.0,11.318244485294118,0.8367417279411765,8.098460477941176,58,58,0,0,0,42,22.392857142857142,1906.1666666666667,63.07142857142857,1109.8333333333333,3102
mixed_b_c128,128,mixed,0,8,15,151.991,646,7517,11.636222910216718,12.76573100971132,1.1027005454303578,9.702008780098444,0,0,0,0,0,43,18.490697674418605,1772.7906976744187,62.18604651162791,0,14483
mixed_b_c128,128,mixed,1,1,15,152.072,640,7449,11.6390625,17.793126594173714,1.2905087931265942,15.062290240300712,0,0,0,0,0,43,22.330232558139535,1500.0232558139535,60,0,4717
mixed_b_c128,128,mixed,2,2,13,131.7,567,6600,11.640211640211641,18.823939393939394,1.3424242424242425,16.092727272727274,0,0,0,0,0,43,21.911627906976744,1641.6744186046512,59.72093023255814,0.046511627906976744,3948
mixed_b_c128,128,mixed,3,3,17,172.305,737,8577,11.637720488466757,20.0149236329719,1.4324355835373674,16.893086160662236,0,0,0,0,0,43,21.46511627906977,1684.2790697674418,60.69767441860465,120.18604651162791,5343
mixed_b_c128,128,mixed,4,4,12,121.602,522,6074,11.636015325670497,17.30655251893316,1.3631873559433652,14.471847217648996,0,0,0,0,0,43,21.704651162790697,1469.1162790697674,58.116279069767444,0,4174
mixed_b_c128,128,mixed,5,5,13,131.779,553,6434,11.634719710669078,17.082685732048493,1.2954616101958347,14.113148896487411,0,0,0,0,0,43,22.61860465116279,1472.906976744186,58.348837209302324,0.09302325581395349,4003
mixed_b_c128,128,mixed,6,6,17,171.712,737,8574,11.633649932157395,17.01294611616515,1.3030090972708188,14.224749241894099,0,0,0,0,0,43,21.113953488372093,1653.9302325581396,58.27906976744186,0,4149
mixed_b_c128,128,mixed,7,7,14,141.543,611,7109,11.635024549918167,16.818539879026584,1.3042622028414685,14.03840202560135,0,0,0,0,0,43,21.50232558139535,1599.7209302325582,59.41860465116279,0.046511627906976744,3935
mixed_b_c128,128,mixed,8,0,15,151.789,647,7529,11.636785162287481,17.96413866383318,1.3515739141984326,15.178775401779784,0,0,0,0,0,43,23.253488372093024,1688.6744186046512,59.906976744186046,0.9767441860465116,4435
mixed_b_c128,128,mixed,9,9,14,141.692,613,7136,11.641109298531811,14.969170403587444,1.0881446188340806,12.668161434977579,0,0,0,0,0,43,24.225581395348836,1935.7906976744187,62.02325581395349,0,3820
mixed_b_c128,128,mixed,10,10,15,151.667,651,7572,11.631336405529954,13.267564712097201,1.1246698362387744,9.544506075013206,44,44,0,0,0,43,23.127906976744185,1956.093023255814,63.83720930232558,687.7209302325581,3423
